Movie ID,Movie Title,Keywords
466420,Killers of the Flower Moon,"husband wife relationship, based on novel or book, war veteran, fbi, greed, oklahoma, manipulation, native american, based on true story, murder, racism, series of murders, genocide, period drama, courtroom, guilt, true crime, oil industry, death of sister, catholicism, uncle nephew relationship, catholic guilt, hopeless, 1920s, osage indian, gullibility, poisoning, diabetes, anxious, revisionist western, meta, male protagonist, western, gloomy"
897087,Freelance,"coup d'etat, dictatorship, political assassination, duringcreditsstinger, investigative journalism, ex special forces, fictional city"
787699,Wonka,"chocolate, musical, prequel"
901362,Trolls Band Together,"pop star, brother, musical, sequel, based on toy, troll, reunite, sister sister relationship, brother brother relationship, jukebox musical"
1075794,Leo,"classroom, musical, bucket list"
726209,Leave the World Behind,"based on novel or book, crisis, vacation"
572802,Aquaman and the Lost Kingdom,"secret society, half-brother, sequel, revenge, dysfunctional relationship, dc extended universe (dceu), ancient evil, underwater world, vengeance, brother brother relationship"
872585,Oppenheimer,"husband wife relationship, based on novel or book, politics, atomic bomb, professor, patriotism, new mexico, world war ii, hallucination, atomic bomb test, surrealism, physics, biography, berkeley, based on true story, physicist, jewish american, interrogation, guilt, nonlinear timeline, historical event, nuclear weapons, communism, red scare, prometheus, mccarthyism, top secret project, moral dilemma, usa politics, 1940s, ethics, quantum physics, antisemitism, apocalyptic vision, clinical, new mexico desert, male protagonist, 20th century, manhattan project, affair, los alamos, hiroshima and nagasaki bombings, cliche, defiant, demeaning"
670292,The Creator,"artificial intelligence (a.i.), asia, distant future, space station, child, ex special forces, missing wife, robots, war against machines"
983507,Good Boy,"dog, costume horror"
844416,Rumble Through the Dark,"based on novel or book, redneck, debt, cage fighting, middle america, father daughter relationship"
695721,The Hunger Games: The Ballad of Songbirds & Snakes,"daughter, based on novel or book, arena, fight, mentor, dystopia, riot, exploration, president, prequel, survival, murder, snow, creature, battle, spin off, death, fight to the death, young adult, academy, origin story, based on young adult novel, death game, teenager"
385687,Fast X,"sequel, revenge, betrayal, racing, family, cliffhanger, cars"
762079,The Advent Calendar,"supernatural, wheelchair user   , car accident, christmas, advent calendar"
844069,Guimoon: The Lightless Door,
995906,Galaxy Games,
520758,Chicken Run: Dawn of the Nugget,"chicken, sequel, stop motion, animal, reboot, claymation, plasticine"
507089,Five Nights at Freddy's,"night shift, child murder, restaurant, custody battle, child in peril, orphan, security guard, based on video game, duringcreditsstinger, troubled past, child neglect, animatronic, abandoned building, brother sister relationship, ghost child, child abduction"
566810,The Dark Kingdom,"princess, fire, army, magic, kingdom, prince, warrior woman, sequel, knight, dragon, king, quest, fury, insidious"
299054,Expend4bles,"sequel, nuclear bomb, cargo ship, ring"
346698,Barbie,"feminism, satire, patriarchy, based on toy, female protagonist, doll, ghost, fantasy world, motherhood, existentialism, woman director, mother daughter relationship, gender discrimination, barbie, secret world"
844416,Rumble Through the Dark,"based on novel or book, redneck, debt, cage fighting, middle america, father daughter relationship"
479753,Shockwave: Countdown to Disaster,
945937,Fast Charlie,"based on novel or book, hitman"
857879,Mount Adams,
566810,The Dark Kingdom,"princess, fire, army, magic, kingdom, prince, warrior woman, sequel, knight, dragon, king, quest, fury, insidious"
844069,Guimoon: The Lightless Door,
502356,The Super Mario Bros. Movie,"gorilla, plumber, anthropomorphism, magic mushroom, based on video game, toad, aftercreditsstinger, duringcreditsstinger, damsel in distress, piano, brother brother relationship, evil king"
940721,Godzilla Minus One,"monster, giant monster, reboot, kaiju, post war japan, 1940s, godzilla"
609681,The Marvels,"hero, superhero, space travel, based on comic, sequel, teenage girl, aftercreditsstinger, duringcreditsstinger, marvel cinematic universe (mcu), space adventure"
870358,Merry Little Batman,"holiday, based on comic, family, christmas"
1206029,"Muchachos, la pela­cula de la gente",
995906,Galaxy Games,
980489,Gran Turismo,"based on true story, racing, based on video game, duringcreditsstinger"
940175,A Tale of Two Guns,
615656,Meg 2: The Trench,"based on novel or book, sequel, kaiju, civil action, oceans, shark cage"
976573,Elemental,"fire, computer animation, duringcreditsstinger, elements, water, city"
1060090,The Collective,
951546,Reign of Chaos,"chaos, dystopia, warrior woman"
926393,The Equalizer 3,"italy, vigilante justice, italian mafia"
667538,Transformers: Rise of the Beasts,"peru, alien, end of the world, based on toy, robot, duringcreditsstinger, 1990s, brother brother relationship"
575264,Mission: Impossible - Dead Reckoning Part One,"race against time, mission, rome, italy, chase, secret mission, secret agent, sequel, intelligence agency, rogue agent, based on tv series, secret government agency, northern norway"
8871,How the Grinch Stole Christmas,"new love, based on novel or book, holiday, christmas party, village, santa claus, surrealism, thief, public humiliation, christmas, surreal world"
940551,Migration,"duck, migration, flight, anthropomorphism, animal, overprotective father, bird"
569094,Spider-Man: Across the Spider-Verse,"new york city, sacrifice, superhero, comic book, based on comic, sequel, romance, alternate dimension, india, alternate version, super power, brooklyn, new york city, superhero team, spider bite, super villain, cliffhanger, teen superhero, chelsea, alternate universe, teen romance, female superhero, slow burn romance, interdimensional travel, defying fate"
1029575,The Family Plan,"assassin, las vegas, hidden identity, family trip, roadtrip, former soldier"
762430,Retribution,"assassination, bomb, remake, divorce, duringcreditsstinger, phone call, berlin"
1047925,Come Out Fighting,"world war ii, us army, american soldiers, black soldier"
76600,Avatar: The Way of Water,"dying and death, loss of loved one, alien life-form, resurrection, dysfunctional family, sequel, alien planet, distant future, adopted child, rebirth, family dynamics, adopted son, stronger villain, war"
603692,John Wick: Chapter 4,"new york city, martial arts, hitman, sequel, organized crime, osaka, japan, aftercreditsstinger, hunted, professional assassin, neo-noir, berlin"
360920,The Grinch,"holiday, surrealism, remake, based on children's book, christmas"
1160164,TAYLOR SWIFT | THE ERAS TOUR,"musician, pop music, concert film, singer-songwriter, aftercreditsstinger, duringcreditsstinger, music documentary"
565770,Blue Beetle,"armor, superhero, family relationships, family, high tech, job hunting, mexican american, aftercreditsstinger, duringcreditsstinger, immigrant family, college graduate, dc extended universe (dceu), alien technology, brother sister relationship, latino"
1172029,Sobreviviendo mis XV,
775244,Mousa,
893723,PAW Patrol: The Mighty Movie,"superhero, cartoon, mad scientist, sequel, dog, animal, elasticity, kids"
951491,Saw X,"mexico city, mexico, sadism, riddle, gore, sequel, con artist, cancer, scam, serial killer, torture, drugs, survival horror, duringcreditsstinger, franchise, jigsaw, mexico, saw, death game, requel"
634649,Spider-Man: No Way Home,"new york city, hero, showdown, magic, loss of loved one, secret identity, superhero, dangerous, villain, portal, sequel, vigilante, superhero team, alternate reality, masked vigilante, spider web, aftercreditsstinger, duringcreditsstinger, marvel cinematic universe (mcu), teenage hero, fight for justice, superhero teamup, returning hero, crossover, teamwork"
1001835,Wifelike,"artificial intelligence (a.i.), robot girl, near future, robot wife"
920258,The Immortal Wars: Rebirth,
447365,Guardians of the Galaxy Vol. 3,"hero, superhero, mad scientist, based on comic, sequel, superhero team, space opera, raccoon, aftercreditsstinger, duringcreditsstinger, marvel cinematic universe (mcu), cosmic, outer space, chosen family"
1192578,Soccer Soul,
1022796,Wish,"friendship, musical, computer animation, female protagonist, betrayal by friend, aftercreditsstinger, woman director, disabled person, star, corrupt government"
335977,Indiana Jones and the Dial of Destiny,"treasure hunt, ancient rome, sequel, flashback, knife fight, archaeologist, adventurer, 1960s, nazi germany, action adventure, suspenseful"
753342,Napoleon,"empire, france, biography, napoleon bonaparte, based on true story, napoleonic wars, 19th century, biopic"
872976,Digimon Adventure 02: The Beginning,"based on toy, animal sidekick, digimon"
1028318,Goodbye Monster,
1046032,The Bad Guys: A Very Bad Holiday,"holiday, heist, prequel, family, based on graphic novel, christmas"
9502,Kung Fu Panda,"martial arts, kung fu, strong woman, china, tiger, bravery, restaurant, shop, panda, sensei, anthropomorphism, fighting, master, destiny, crane, aftercreditsstinger, wuxia, monkey warrior, viper, red panda"
920081,Megaboa,
315162,Puss in Boots: The Last Wish,"fairy tale, talking dog, spin off, aftercreditsstinger, talking cat, fear of death"
10908,Inferno,"prison, small town, sword, hostage, hostility, drifter"
298618,The Flash,"hero, secret identity, superhero, based on comic, superhuman, super power, aftercreditsstinger, butterfly effect, dc extended universe (dceu), superhuman abilities, loss of mother"
854648,Robot Apocalypse,
958182,Heroic,"mexico city, mexico, new mexican cinema, social thriller, mexico, cine mexicano, militar training, militar, drama"
1010581,My Fault,"stepbrother, female protagonist, stepsister, rise, enemies to lovers, passion and romance, car"
960481,Princess Khutulun,
606870,The Survivor,"concentration camp, boxer, trauma, concentration camp survivor, boxing"
820525,After Everything,"lisbon, portugal, writer's block, sequel, love, wedding, social media, troubled past, male writer, dysfunctional relationship, based on young adult novel, fanfic"
972731,"2025: Blood, White & Blue","undercover agent, secret agent, drug cartel, drug lord, purge"
807172,The Exorcist: Believer,"faith, exorcism, possession, sequel, disappearance, death of mother, exorcist, reboot, demonic possession, father daughter relationship"
893369,Jack Mimoun & the Secrets of Val Verde,
459003,Mavka: The Forest Song,"based on novel or book, fairy, nature, folklore, based on myths, legends or folklore, mavka, ukrainian folklore, independent film, love vs duty"
968051,The Nun II,"france, bullying, sequel, religion, demon, gothic horror, demonic possession, praying, duringcreditsstinger, all girls school, 1950s, demonic, convent, the conjuring universe"
49444,Kung Fu Panda 2,"mission, martial arts, kung fu, hope, fleet, panda, friends, woman director"
116776,Dragon Ball: Mystical Adventure,"martial arts, assassin, emperor, tournament, anime, ressurection"
118,Charlie and the Chocolate Factory,"factory worker, london, england, based on novel or book, chocolate, candy, overweight child, parent child relationship, grandparent grandchild relationship, teacher, candy bar"
936059,The Naughty Nine,christmas
1123093,Diary of a Wimpy Kid Christmas: Cabin Fever,"based on novel or book, video game, sequel, coming of age, blizzard, christmas"
140300,Kung Fu Panda 3,"martial arts, kung fu, china, fighter, village, sequel, panda, anthropomorphism, dragon, wuxia, woman director"
872906,Jawan,"revenge, vigilantism, political"
1035982,Hell House LLC Origins: The Carmichael Manor,"hotel, cult, woods, mockumentary, found footage, haunted manor, murder mystery, clown mask, remote location, video camera, upstate new york"
1011985,Kung Fu Panda 4,"martial arts, kung fu, china, panda, anthropomorphism"
772,Home Alone 2: Lost in New York,"new york city, burglar, holiday, family relationships, sequel, slapstick comedy, little boy, home invasion, family, precocious child, home alone, mischievous child, christmas, kids on their own, child rescue"
845844,Extraction Point,
1022964,Candy Cane Lane,christmas
662167,Agent Jade Black,
950925,Hunting Souls,"parent, demon, child"
141052,Justice League,"superhero, based on comic, super power, superhero team, aftercreditsstinger, duringcreditsstinger, dc extended universe (dceu)"
709631,Cobweb,"nightmare, halloween, dysfunctional family, pumpkin, basement, devil, demon, schoolteacher, child protagonist"
995206,Hard Days,
1118595,The Jester,"detective, horror"
118249,Thriller Night,
252,Willy Wonka & the Chocolate Factory,"factory worker, factory, based on novel or book, chocolate, candy, overweight child, grandparent grandchild relationship, tv addicted person, musical, single, teacher, based on children's book, poor kid, eccentric man, grandfather grandson relationship, candy bar"
939335,Muzzle,"police, los angeles, california, lapd, k9"
399566,Godzilla vs. Kong,"giant monster, dinosaur, creature feature, kaiju, sign languages, giant ape, godzilla, monsterverse, robot dinosaur, king kong"
181808,Star Wars: The Last Jedi,"bunker, space battle, defeat, failure, sequel, space opera, military operation"
177572,Big Hero 6,"friendship, martial arts, hero, sibling relationship, san francisco, california, superhero, talent, cartoon, based on comic, revenge, tokyo, japan, best friend, another dimension, robot, east asian lead, boy genius, aftercreditsstinger, moral dilemma, teen superhero, dead brother"
725064,The Feast of Amrita,"gore, survival, schoolgirl, supernatural creature, dark fantasy, anime"
614930,Teenage Mutant Ninja Turtles: Mutant Mayhem,"new york city, sibling relationship, skateboarding, crime fighter, superhero, turtle, ninja, duringcreditsstinger, teenage mutant ninja turtles, aspiring journalist, anthropomorphic animal"
299536,Avengers: Infinity War,"sacrifice, magic, superhero, based on comic, space, battlefield, genocide, magical object, super power, aftercreditsstinger, marvel cinematic universe (mcu), cosmic"
678512,Sound of Freedom,"pedophilia, kidnapping, human trafficking, based on true story, scam, child kidnapping, grooming, lost children, children in danger, colombia"
4977,Paprika,"research, japan, dream, procession, psychoanalysis, mad scientist, dream girl, parallel world, adult animation, dream world, anime"
5833,Casper's Haunted Christmas,"holiday, assistant, cartoon, tricks, surrealism, look-alike, kindness, ruler, scare, task"
1032948,V/H/S/85,"cult, anthology, serial killer, vhs, found footage, 1980s, 1990s"
447277,The Little Mermaid,"mermaid, musical, based on fairy tale, live action remake"
848326,Rebel Moon - Part One: A Child of Fire,"space war, space, space opera, space adventure, action hero, alien spaceship, super hero girls, space vessel"
457232,Lamborghini: The Man Behind the Legend,"based on novel or book, biography, historical, auto industry, luxury car"
156022,The Equalizer,"assassin, corruption, hitman, call girl, sadism, hostage, gangster, fbi, gore, remake, sociopath, revenge, vigilante, organized crime, teenage prostitute, commando, interrogation, surveillance, fake death, ex soldier, loner, black ops, hand to hand combat, mysterious past, vigilante justice"
671,Harry Potter and the Philosopher's Stone,"witch, school friend, friendship, london, england, based on novel or book, magic, boarding school, child hero, school of witchcraft, chosen one, school, shopping, fantasy world, wizard, christmas, based on young adult novel, owl"
1100795,Mr. Monk's Last Case: A Monk Movie,"san francisco, california, obsessive compulsive disorder, private detective, mental disorders"
1171353,Stolen Vacation,"stolen money, road trip"
1008042,Talk to Me,"suicide, trauma, possession, female friendship, addiction, grief, female protagonist, death of mother, self mutilation, mental health, dead parent, social media, peer pressure, disembodied hand, generation z, self-harm, supernatural horror, cautionary tale, adelaide australia, body horror, graphic violence, teenager, modern australia"
150540,Inside Out,"dream, san francisco, california, minnesota, sadness, cartoon, ice hockey, imaginary friend, elementary school, family relationships, memory, family, unicorn, running away, duringcreditsstinger, emotions"
891699,Silent Night,"holiday, revenge, death of son, christmas, no dialogue"
7443,Chicken Run,"farm, northern england, escape, freedom, chicken, yorkshire, stop motion, explosion, farmer, pie machine, claymation, plasticine, royal air force, raf"
823464,Godzilla x Kong: The New Empire,"giant monster, sequel, dinosaur, kaiju, giant ape, monsterverse"
330457,Frozen II,"princess, magic, kingdom, winter, queen, castle, musical, sequel, dam, spirit, frozen, personification, mother daughter relationship"
864168,Joy Ride,"female friendship, adopted child, woman director, asian american"
897066,Big Tit Monastery,"softcore, pink film, nunsploitation"
1151534,Nowhere,"lost at sea, one location, survival at sea"
315635,Spider-Man: Homecoming,"high school, new york city, washington dc, usa, superhero, based on comic, reboot, marvel cinematic universe (mcu)"
1113278,It's a Wonderful Knife,"holiday, slasher, lgbt, christmas, death of best friend, meta, holiday horror"
131631,The Hunger Games: Mockingjay - Part 1,"based on novel or book, resistance, dystopia, post-apocalyptic future, sequel, female protagonist, bow and arrow, game, future war, revolt, class prejudice, human subjugation, based on young adult novel"
98566,Teenage Mutant Ninja Turtles,"new york city, van, martial arts, hero, experiment, mutation, superhero, turtle, based on comic, ninja, vigilante, terrorism, sewer, reboot, teenage mutant ninja turtles"
373571,Godzilla: King of the Monsters,"mexico, boston, massachusetts, giant monster, cryptozoology, eco terrorism, creature feature, rodan, kaiju, aftercreditsstinger, global threat, animal horror, king ghidorah, sunken city, mothra, godzilla, monsterverse"
536108,Aragne: Sign of Vermillion,"survival, murder, anime"
839369,May December,"infidelity, sexual abuse, dark comedy, statutory rape, pedophile, boundary violations, older woman younger man relationship, existentialism, dramedy, baker, method acting, savannah georgia, father son relationship, melodrama, actress, inspired by true events"
675353,Sonic the Hedgehog 2,"mad scientist, sequel, revenge, based on video game, duringcreditsstinger, hedgehog, live action and animation"
568124,Encanto,"strong woman, magic, sadness, immigration, supernatural, beauty, musical, big family, forest, family secrets, family relationships, flamenco, joy of life, teenage girl, female protagonist, family conflict, helping children, matriarch, colombia"
568124,Encanto,"strong woman, magic, sadness, immigration, supernatural, beauty, musical, big family, forest, family secrets, family relationships, flamenco, joy of life, teenage girl, female protagonist, family conflict, helping children, matriarch, colombia"
1186957,The Velveteen Rabbit,"based on children's book, rabbit, christmas, live action and animation, velveteen"
1205036,Higop,
1020006,Priscilla,"husband wife relationship, 1970s, drug addiction, biography, singer, fame, based on memoir or autobiography, underage girlfriend, woman director, abusive marriage, 1960s, grooming, gilded cage"
496450,"Miraculous: Ladybug & Cat Noir, The Movie","paris, france, superhero, musical, interracial romance, teen superhero"
660521,The Mercenary,
436270,Black Adam,"lightning, superhero, anti hero, based on comic, demon, superhero team, duringcreditsstinger, dc extended universe (dceu)"
798021,Family Switch,"based on novel or book, bullying, dysfunctional family, body-swap, family conflicts, swedish family, teen romance, family comedy, nuclear family"
297802,Aquaman,"hero, chase, atlantis, superhero, half-brother, based on comic, royalty, underwater, duringcreditsstinger, quest, dc extended universe (dceu), advanced civilization, two worlds"
811634,The Monkey King: Reborn,"kung fu, animation"
1176139,Your Christmas or Mine 2,"holiday, sequel, christmas"
554600,Uri: The Surgical Strike,"army, based on true story, terrorism, india, terrorist attack, indian army"
885683,White Sky,alien invasion
124905,Godzilla,"japan, monster, san francisco, california, hawaii, giant monster, tsunami, remake, prehistoric creature, golden gate bridge, dinosaur, kaiju, honolulu, hawaii, disaster movie, global threat, animal horror, godzilla, monsterverse"
1058694,Radical,"usa-mexico border', teachers and students, border town"
635910,The Last Voyage of the Demeter,"ship, based on novel or book, vampire, gothic horror, dracula, 1890s"
988591,Mega Lightning,lightning
677179,Creed III,"husband wife relationship, philadelphia, pennsylvania, sports, deaf, sequel, orphan, former best friend, ex-con, childhood friends, juvenile detention center, boxing, prodigy"
744857,When Evil Lurks,"farm, small town, shotgun, village, possession, gore, goat, demon, police officer, dog, ex-wife, evil, brother brother relationship, brutal violence"
9381,Babylon A.D.,"future, baby, smuggling (contraband), submarine, pregnancy, dystopia, prosecution, mercenary, protection, moral conflict, vision, cyberpunk, sect"
709334,No Name and Dynamite,
198663,The Maze Runner,"based on novel or book, escape, dystopia, maze, post-apocalyptic future, memory loss, erased memory, trapped, runner, based on young adult novel"
181812,Star Wars: The Rise of Skywalker,space opera
17979,A Christmas Carol,"london, england, based on novel or book, holiday, greed, victorian england, money, ghost, lesson, christmas music, moneylender, christmas, 19th century, scrooge, christmas eve"
545742,One Piece: Episode of Skypiea,"friendship, friends, pirate, based on manga, shounen, anime, remastering"
55241,Meteor Storm,
673,Harry Potter and the Prisoner of Azkaban,"witch, school friend, friendship, flying, magic, bus, traitor, child hero, school of witchcraft, black magic, time travel, school, best friend, werewolf, muggle, wizard, aftercreditsstinger, magical creature, night bus, teenage life, christmas, school class, based on young adult novel, magic spell"
1076364,Carl's Date,"date, love, dog, short film"
126889,Alien: Covenant,"android, spacecraft, experiment, space travel, infection, engineer, alien life-form, sequel, alien, space, creature, robot, scientist, genocide, creation, acid, xenomorph, alien technology, genetic mutation"
109445,Frozen,"princess, magic, mistake in person, queen, cartoon, musical, betrayal, snowman, reindeer, curse, snow, troll, based on children's book, mountain climbing, evil prince, based on fairy tale, aftercreditsstinger, frozen, woman director, sister sister relationship, magic land"
157336,Interstellar,"rescue, future, spacecraft, race against time, artificial intelligence (a.i.), nasa, time warp, dystopia, expedition, space travel, wormhole, famine, black hole, quantum mechanics, family relationships, space, robot, astronaut, scientist, single father, farmer, space station, space adventure, time paradox, time-manipulation, father daughter relationship, 2060s, cornfield, time manipulation"
581726,Infinite,"based on novel or book, secret organization, reincarnation, memories"
505642,Black Panther: Wakanda Forever,"hero, loss of loved one, superhero, royal family, based on comic, sequel, royalty, underwater, political intrigue , death in family, mourning, death of brother, duringcreditsstinger, death of king, marvel cinematic universe (mcu), hidden civilization, yucatan, mayans"
1056803,Rascal Does Not Dream of a Sister Venturing Out,"based on novel or book, anime"
594767,Shazam! Fury of the Gods,"superhero, end of the world, super power, aftercreditsstinger, duringcreditsstinger, dc extended universe (dceu), teenager"
899112,Violent Night,"holiday, santa claus, mercenary, saving christmas, booby trap, duringcreditsstinger, christmas"
76617,Texas Chainsaw 3D,"home, gore, sequel, leatherface, slasher, chainsaw, shattered home, violent death, bloody fight, blood lust, aftercreditsstinger, duringcreditsstinger, gory, sawing, hewitt"
158852,Tomorrowland,"inventor, apocalypse, destiny, dreamer, futuristic car, futuristic city"
1022789,Inside Out 2,"sequel, computer animation, teenage girl, emotions"
1034062,Mortal Kombat Legends: Cage Match,"martial arts, fighting, based on video game, adult animation, extreme blood"
937249,57 Seconds,
672,Harry Potter and the Chamber of Secrets,"witch, flying car, elves, magic, sword, diary, child hero, school of witchcraft, giant spider, black magic, giant snake, child driving car, wizard, aftercreditsstinger, christmas, based on young adult novel"
930564,Saltburn,"suicide, obsession, country house, college, dark comedy, gay interest, bathtub, lust, mental illness, lgbt, mental health, bisexual man, eating disorder, woman director, male in bathtub, oxford university, family estate, alcohol problems, self-harm, deadpan comedy, suicide investigation, 2000s, gay theme, boys' love (bl), comedy thriller"
120,The Lord of the Rings: The Fellowship of the Ring,"based on novel or book, orcs, elves, dwarf, magic, loss of loved one, river, fireworks, mine, maze, mountain, castle, volcano, birthday party, addiction, uncle, fugitive, battle, death, blizzard, wizard, journey, ring, live action and animation, sword and sorcery"
1192330,Dating Santa,
585083,Hotel Transylvania: Transformania,"monster, vampire, transformation, aftercreditsstinger, duringcreditsstinger, human"
585,"Monsters, Inc.","monster, panic, cheating, kidnapping, door, infant, villain, portal, rivalry, energy supply, friends, hijinks, best friend, chameleon, family, parallel world, conveyor belt, invisibility, energy company, conspirators"
800158,The Killer,"sniper, new york city, assassin, airport, paris, france, hitman, new orleans, louisiana, dark comedy, client, product placement, sociopath, revenge, murder, fate, lawyer, brutality, based on graphic novel, character study, perfectionist, empathy, dominican republic, assassination attempt, cold blooded killer, tampa, florida, manhunt, international manhunt, precision, gig economy, secret, violence"
1040148,"Ruby Gillman, Teenage Kraken","high school, mermaid, prom, female protagonist, kraken, female villain, fitting in, teenager"
40706,Jimmy Timmy Power Hour,
414906,The Batman,"police, psychopath, secret identity, crime fighter, superhero, nightclub, politician, based on comic, vigilante, organized crime, serial killer, millionaire, social injustice, murder investigation, aftercreditsstinger, masked superhero, political corruption, neo-noir, vengeance, mayoral election"
507086,Jurassic World Dominion,"giant monster, sequel, dinosaur, child kidnapping, jurassic, animal sanctuary"
455476,Knights of the Zodiac,"superhero, based on manga"
5255,The Polar Express,"faith, holiday, santa claus, nerd, bell, train, beard, north pole, trestle, ticket, train travel, christmas"
238,The Godfather,"based on novel or book, loss of loved one, love at first sight, italy, symbolism, patriarch, europe, organized crime, mafia, religion, lawyer, revenge motive, crime family, sicilian mafia, religious hypocrisy, gun violence, rise to power, dead horse, gang violence, 1940s, 1950s, mafia war, critically acclaimed"
293660,Deadpool,"superhero, anti hero, mercenary, based on comic, aftercreditsstinger, duringcreditsstinger"
760104,X,"van, sheriff, war veteran, gas station, shotgun, 1970s, texas, alligator, porn star, serial killer, slasher, porn actress, elderly couple, isolated farmhouse, existentialism"
337404,Cruella,"1970s, anti hero, villain, punk rock, fashion designer, fashion, origin story, live action remake"
640146,Ant-Man and the Wasp: Quantumania,"hero, superhero, ant, based on comic, sequel, family, superhero team, aftercreditsstinger, duringcreditsstinger, marvel cinematic universe (mcu)"
674,Harry Potter and the Goblet of Fire,"witch, dying and death, based on novel or book, magic, boarding school, world cup, maze, mermaid, school of witchcraft, black magic, chosen one, vision, school, tournament, dragon, wizard, teenage hero, christmas, based on young adult novel"
508947,Turning Red,"friendship, canada, concert, temple, shapeshifting, toronto, canada, coming of age, teenage girl, female protagonist, east asian lead, animal, domineering mother, perfectionist, aftercreditsstinger, chinese canadian, woman director, ancestor, boy band, mother daughter relationship, red panda"
597,Titanic,"epic, ship, drowning, panic, shipwreck, evacuation, iceberg, titanic, forbidden love, ocean liner, based on true story, rich woman poor man, love, tragedy, tragic love, disaster, historical fiction, class differences, love affair, historical event, lifeboat, star crossed lovers, sinking ship, steerage, rich snob, disaster movie, 1910s, sunken ship"
47971,xXx: Return of Xander Cage,"airplane, tattoo, spy, extreme sports, parachute, secret agent, swimming pool, sequel, back from the dead, dominican republic, free fall"
19995,Avatar,"future, society, culture clash, space travel, space war, space colony, tribe, romance, alien, futuristic, space, alien planet, marine, soldier, battle, love affair, nature, anti war, power relations"
977770,The Lesson,"psychological thriller, writer, woman director, independent film"
1008102,Rally Road Racers,"bet, car race, race car driver, grandmother, cup, betting, rally, grandmother grandson relationship, grandma, race car driving, speed racing, animation, car racing, american animation, making a bet"
14160,Up,"central and south america, age difference, balloon, travel, dog, duringcreditsstinger, pets, exploring, senior"
361743,Top Gun: Maverick,"fighter pilot, u.s. navy, sequel, nuclear weapons, military"
122917,The Hobbit: The Battle of the Five Armies,"corruption, based on novel or book, orcs, elves, dwarf, dragon, battle, unlikely friendship, epic battle, sword and sorcery"
537915,After,"based on novel or book, love, teenage crush"
808,Shrek,"princess, magic, fairy tale, donkey, liberation, lordship, prince, castle, robin hood, enchantment, swamp, parody, anthropomorphism, dragon, woman director, ogre, cartoon donkey"
1071215,Thanksgiving,"small town, sadism, holiday, massachusetts, thanksgiving, dark comedy, riot, plymouth, murder, serial killer, consumerism, slasher, whodunit, aftercreditsstinger, murder spree, teenage killer, black friday, based on short film, holidays, revenge slasher, stalked by a killer, revenge horror, masked killer, teen slasher, holiday horror"
493529,Dungeons & Dragons: Honor Among Thieves,"platonic love, gang of thieves, dragon, role playing game, based on video game, dungeons and dragons, heist gone wrong, duringcreditsstinger, father daughter relationship, spell & sorcery, wizardry"
278,The Shawshank Redemption,"prison, friendship, police brutality, corruption, based on novel or book, hope, prison cell, delinquent, redemption, parole board, prison escape, wrongful imprisonment, interracial friendship, framed for murder, 1940s, voiceover"
436969,The Suicide Squad,"monster, secret mission, superhero, anti hero, giant monster, gore, based on comic, alien, betrayal, alien invasion, convict, parasite, super villain, world domination, aftercreditsstinger, dc extended universe (dceu), muscular men, character deaths"
884605,No Hard Feelings,"friendship, older woman seduces younger guy, romantic comedy, summer, new york state, teen comedy, hometown, bankruptcy, craigslist, animal shelter, socially awkward, uber, late coming of age, nude swimming, graduation party, helicopter parenting"
697843,Extraction 2,"mercenary, rescue mission, sequel, based on graphic novel"
786415,Ika Boys,
101299,The Hunger Games: Catching Fire,"rebellion, based on novel or book, propaganda, dystopia, games, uprising, sequel, president, survival, murder, conspiracy, female protagonist, tournament, based on young adult novel"
274855,Geostorm,"future, artificial intelligence (a.i.), weather manipulation, end of the world, murder, space, conspiracy, disaster, apocalypse, storm, space station, space shuttle, catastrophe, disaster movie, global threat, environmental disaster, overpopulated world"
251387,The Night Crew,"bounty hunter, motel, crew, survival, fugitive, desert, savage, hard up, horde"
724209,Heart of Stone,"saving the world, espionage, spy, mi6, british spy, female spy"
411,"The Chronicles of Narnia: The Lion, the Witch and the Wardrobe","witch, epic, sibling relationship, saving the world, based on novel or book, self sacrifice, winter, fairy tale, cupboard, beaver, lion, surrealism, battle, based on children's book, fantasy world, duringcreditsstinger, 1940s, high fantasy, isekai, based on young adult novel, faun, good versus evil"
744276,After Ever Happy,"based on novel or book, love, teenage crush"
913604,Renegades,
767,Harry Potter and the Half-Blood Prince,"witch, dying and death, london, england, magic, school of witchcraft, apparition, curse, teenage crush, school, werewolf, teenage love, luck, wizard, secret past, christmas, based on young adult novel"
842169,Girl Next,
508883,The Boy and the Heron,"based on novel or book, loss of loved one, world war ii, education, bullying, coming of age, spirituality, poverty, teenage boy, troubled childhood, moving to a city, anime, hand drawn animation, magic world, courage"
840430,The Holdovers,"vietnam war, winter, boarding school, holiday, 1970s, alcoholism, grief, misfit, mental illness, teacher student relationship, new england, boys' boarding school, christmas, troubled youth, loss of son, cook"
8920,Garfield,"cat, competition, mascot, lasagne, pets, live action and animation"
38757,Tangled,"princess, magic, hostage, fairy tale, horse, musical, blonde, tower, selfishness, healing power, adventurer, based on fairy tale, duringcreditsstinger, healing gift, animal sidekick, magic land"
2062,Ratatouille,"work, sibling relationship, paris, france, expensive restaurant, river, confidence, evacuation, mouse, leaving one's family, restaurant critic, spice, cookbook, food, chef, sewer, unlikely friendship, rat, french cuisine"
14836,Coraline,"friendship, dream, based on novel or book, eye, stuffed animal, stop motion, parallel world, button, new home, secret door, aftercreditsstinger, duringcreditsstinger, horror for children, talking cat, parallel universe, neil gaiman"
481848,The Call of the Wild,"based on novel or book, gold rush, dog, sled dogs, yukon, canada, 19th century, pets"
585511,Luck,"superstition, bad luck, leprechaun, computer animation, female protagonist"
792307,Poor Things,"based on novel or book, obsession, crooked lawyer, love, domestic abuse, female protagonist, doctor, prostitution, cruelty, scientist, disfigured face, exploring sexuality, female empowerment, female sexuality, brain transplant, absurdism, spousal abuse, women's liberation, victorian era, frankenstein, body horror"
616037,Thor: Love and Thunder,"hero, ex-girlfriend, superhero, greek mythology, based on comic, sequel, shadow, norse mythology, aftercreditsstinger, duringcreditsstinger, marvel cinematic universe (mcu), heroes, norse god, god of thunder, colorless, child abduction, thor, nude male lead"
936117,The Fox,
588228,The Tomorrow War,"world cup, time travel, global warming, glacier, alien invasion, military, future war, father son reunion, hope for future, changing the past or future, message from the future, father son relationship, father daughter relationship, world war, aliens"
273509,Blood Widow,"mask, infidelity, jealousy, boarding school, murder, sexploitation"
273509,Blood Widow,"mask, infidelity, jealousy, boarding school, murder, sexploitation"
24428,The Avengers,"new york city, superhero, shield, based on comic, alien invasion, superhero team, aftercreditsstinger, duringcreditsstinger, marvel cinematic universe (mcu)"
446893,Trolls World Tour,"dancing, friendship, concert, country music, guitar, cloud, saxophone, sequel, jail, based on toy, rock music, alien abduction, singing, king, desert, pop music, flute, mirage, electronic music, k-pop, spaceship, jukebox musical"
613504,After We Collided,"based on novel or book, love, teenage crush"
820609,No One Will Save You,"isolation, trauma, grief, female protagonist, home invasion, guilt, death of mother, alien attack, reclusive, aliens"
744275,After We Fell,"based on novel or book, family history, love, teenage crush, woman director, family tension"
753601,Around the World in 80 Days,
507532,Finestkind,"boston, massachusetts, brother, criminal, case"
675445,PAW Patrol: The Movie,"cartoon, dog, animal, kids"
1211814,Trees and Other Entanglements,
337167,Fifty Shades Freed,"based on novel or book, eroticism, sequel, bdsm"
912908,Strays,"talking dog, magic mushroom, crude humor, male masturbation, duringcreditsstinger, animal liberation, self-liberation, abandonment, abandoned puppy, toxic relationship, talking animal"
324786,Hacksaw Ridge,"japan, world war ii, violent father, pacifism, bible, gore, biography, based on true story, okinawa, conscientious objector, religion, soldier, alcoholic, war hero, medic, us military, battle of okinawa, congressional medal of honor"
842675,The Wandering Earth II,"space travel, space station, earth in peril, global threat, giant engine, global government"
27205,Inception,"rescue, mission, dream, airplane, paris, france, virtual reality, kidnapping, philosophy, spy, allegory, manipulation, car crash, heist, memory, architecture, los angeles, california, dream world, subconscious"
934433,Scream VI,"mask, new york city, trauma, halloween, college, fake identity, sequel, conspiracy theory, revenge, public murder, murder, social commentary, serial killer, police corruption, slasher, whodunit, multiple stabbings, brutality, killing spree, self-referential, crime spree, aftercreditsstinger, movie fan, copycat killer, costume horror, generation z, fbi agent"
1116410,R.A.D.A.R.: The Adventures of the Bionic Dog,
675,Harry Potter and the Order of the Phoenix,"witch, dying and death, court, magic, prophecy, loss of loved one, professor, supernatural, child hero, school of witchcraft, black magic, sorcery, occult, wizard, christmas, scholar, mystical land, ministry, based on young adult novel"
698508,Redeeming Love,"california, rape, prayer, love at first sight, gold rush, evangelical christianity, incest, self-doubt, misogyny, brothel madam, 19th century, self reflection, child prostitution, child selling, misandry, christian film, christian faith, biblical, 1850s, hosea"
12445,Harry Potter and the Deathly Hallows: Part 2,"witch, dying and death, saving the world, self sacrifice, magic, school of witchcraft, sorcerer, school, battle, wizard, teenage hero, christmas, based on young adult novel, good versus evil"
791373,Zack Snyder's Justice League,"saving the world, superhero, resurrection, based on comic, superhero team, planet invasion, action hero, dc extended universe (dceu), superhero teamup, director's cut"
12444,Harry Potter and the Deathly Hallows: Part 1,"witch, friendship, london, england, corruption, escape, teleportation, isolation, magic, bravery, radio, road trip, shelter, tension, attack, werewolf, road movie, wizard, christmas, based on young adult novel"
216015,Fifty Shades of Grey,"bad smell, based on novel or book, eroticism, perversion, spanking, billionaire, rich, bdsm, woman director"
5825,National Lampoon's Christmas Vacation,"holiday, boss, family dinner, neighbor, domestic life, fantasy sequence, christmas, christmas bonus, jello"
324857,Spider-Man: Into the Spider-Verse,"superhero, based on comic, aftercreditsstinger, alternate universe"
492008,The Swordsman,"sword fight, joseon dynasty, chinese invasion of korea"
985939,Fall,sport climbing
150689,Cinderella,"magic, kingdom, fairy tale, prince, royalty, orphan, lost shoe, evil stepmother, based on fairy tale, retelling, live action and animation, live action remake"
836196,Denard: Anatomy of an Antihero,
346364,It,"small town, based on novel or book, clown, bullying, abandoned house, coming of age, flashback, murder, balloon, maine, school, creature, fear, summer, killer, missing person, death of brother, well, child, demonic, town history"
851644,20th Century Girl,"coming of age, teenage girl, first love, nostalgic, city life, coming out of habits, fresh city, dreaming of a girl"
263115,Logan,"future, experiment, immortality, self-destruction, cyborg, dystopia, superhero, mutant, road trip, based on comic, sequel, super power, neo-western, troubled past, aging superhero, life on the margin"
882569,Guy Ritchie's The Covenant,"rescue, ambush, interpreter, afghanistan, afghanistan war (2001- ), war"
835767,Gunfight at Rio Bravo,
926946,The School of Magical Animals 2,
438631,Dune,"empire, future, epic, army, based on novel or book, prophecy, dystopia, emperor, sand, spice, hallucinogen, treason, baron, revenge, premonition, betrayal, space, water shortage, creature, desert, knife fight, destiny, giant worm, space opera, sand dune, messiah, mother son relationship, giant creature"
804755,Agnes,"nun, faith, priest, religion, church, demonic possession, rumor"
438695,Sing 2,"stage, anthropomorphism, singing, animal"
1003581,Justice League: Warworld,"superhero, based on comic, dcamu (tomorrowverse)"
960853,The Fishbowl,"cancer, woman director"
580489,Venom: Let There Be Carnage,"hero, psychopath, superhero, anti hero, villain, based on comic, sequel, creature, fear, aftercreditsstinger, symbiote, carnage, venom character"
106646,The Wolf of Wall Street,"corruption, drug addiction, anti hero, con man, fraud, wall street, based on true story, rise and fall, con artist, money, stockbroker, wealthy, drugs, stripping, hedonism, decadence, corrupt, 1980s, sharemarket fraud, financial market, black monday"
140607,Star Wars: The Force Awakens,"android, spacecraft, space opera"
10191,How to Train Your Dragon,"friendship, ship, blacksmith, island, based on novel or book, flying, arena, village, training, ignorance, viking, forest, flight, nest, dragon, battle, combat, well, warrior, pets"
39345,Casper Meets Wendy,
76341,Mad Max: Fury Road,"rescue, future, australia, chase, dystopia, post-apocalyptic future, survival, on the run, on the road, convoy, peak oil, dark future"
335984,Blade Runner 2049,"future, android, bounty hunter, artificial intelligence (a.i.), genetics, dystopia, sequel, cyberpunk, los angeles, california, las vegas, tech noir, blade runner, 2040s"
752623,The Lost City,duringcreditsstinger
315011,Shin Godzilla,"japan, monster, bureaucracy, politics, giant monster, nuclear radiation, political incompetence, tokyo, japan, destruction, reboot, kaiju, political turmoil, human made disaster, godzilla, nuclear disaster, us japan relations"
122,The Lord of the Rings: The Return of the King,"based on novel or book, orcs, elves, dwarf, bravery, suspicion, volcano, addiction, honor, royalty, troll, brutality, ghost, wizard, quest, live action and animation, sword and sorcery"
324552,John Wick: Chapter 2,"martial arts, assassin, hitman, gun, italy, roof, secret organization, sequel, revenge, shootout, handshake, neo-noir, dark, dogs"
741592,Cyst,"monster, mad doctor, schlock, gross out, surgery gone wrong"
766507,Prey,"hunter, native american, alien life-form, alien, prequel, decapitation, bear, dog, severed foot, bear attack, comanche, human vs alien, indigenous peoples, severed arm, dog hero, great plains"
354912,Coco,"skeleton, mexico, guitar, afterlife, musician, holiday, singer, life after death, child, day of the dead"
810693,Jujutsu Kaisen 0,"supernatural, exorcism, paranormal, tragedy, curse, based on manga, spirit, demon, school life, shounen, anime"
958263,Believer 2,sequel
982932,Shrapnel,"usa-mexico border, father daughter reunion, ex military, missing daughter, mexican cartel, rancher, mexican police"
562,Die Hard,"based on novel or book, s.w.a.t., hostage, fbi, christmas party, vault, heist, murder, shootout, los angeles, california, terrorism, one man army, hostage negotiator, one night, 1980s, action hero, german"
119450,Dawn of the Planet of the Apes,"dystopia, post-apocalyptic future, animal attack, leader, colony, forest, sequel, woods, ape, scientist, monkey, medical research, plague, 2030s"
975902,Boudica,female protagonist
459151,The Boss Baby: Family Business,"baby, boss, sequel, sibling, family"
536437,Hypnotic,"hypnotism, missing daughter"
781732,Animal,"domestic violence, held at gunpoint, misogyny, father son conflict, complex relationship, threatened woman"
22,Pirates of the Caribbean: The Curse of the Black Pearl,"blacksmith, east india company, gold, exotic island, governor, skeleton, jamaica, british empire, pirate, swashbuckler, 18th century, caribbean sea, aftercreditsstinger, pirate ship, british navy, tortuga, based on theme park ride"
958006,The Kill Room,"hitman, dark comedy, money, modern art, crime"
166428,How to Train Your Dragon: The Hidden World,"based on novel or book, flying, viking, sequel, overpopulation, dragon, love interest, based on children's book"
1007427,Night Train,
862,Toy Story,"rescue, friendship, mission, martial arts, jealousy, bullying, elementary school, rivalry, anthropomorphism, friends, computer animation, buddy, walkie talkie, toy car, boy next door, new toy, neighborhood, toy comes to life, resourcefulness"
102651,Maleficent,"magic, fairy tale, fairy, prince, villain, enchantment, betrayal, curse, kindness, protector, childhood friends, good becoming evil, raven, dark fantasy, based on fairy tale, retelling, literary adaptation, true love, wings, sleeping spell, dark forest, live action remake, cursed princess, fairies"
1156593,Your Fault,"based on novel or book, sequel"
453395,Doctor Strange in the Multiverse of Madness,"magic, superhero, based on comic, alternate reality, aftercreditsstinger, duringcreditsstinger, marvel cinematic universe (mcu)"
293660,Deadpool,"superhero, anti hero, mercenary, based on comic, aftercreditsstinger, duringcreditsstinger"
829557,365 Days: This Day,"gangster, sequel, bdsm, rich man poor woman, erotique"
299537,Captain Marvel,"superhero, based on comic, alien invasion, super power, female hero, aftercreditsstinger, duringcreditsstinger, marvel cinematic universe (mcu), woman director, hero's journey, 1990s, alien technology"
661374,Glass Onion: A Knives Out Mystery,"detective, greece, investigation, mona lisa (la gioconda), satire, sequel, murder, billionaire, whodunit, puzzle box, clue, identical twin, murder mystery, arrested development, covid-19"
68726,Pacific Rim,"monster, dystopia, giant monster, pacific, alaska, giant robot, apocalypse, hong kong, robot, alien invasion, kaiju, duringcreditsstinger, monster movie"
717930,Kandahar,"cia, undercover agent, behind enemy lines"
614479,Insidious: The Red Door,"sequel, demon, franchise, insidious, supernatural horror, evil spirits, directorial debut, fifth part"
900667,One Piece Film Red,"pirate, fighting, super power, aftercreditsstinger, anime"
105864,The Good Dinosaur,"friendship, tyrannosaurus rex, cartoon, friends, alternate history, dinosaur, fear, storm, nature, journey"
508943,Luca,"friendship, monster, italy, coming of age, friends, bromance, sea monster, vespa, aftercreditsstinger, seaside town, 1950s, pasta, water, italian riviera, pesto"
1159204,1962 Halloween Massacre,
10674,Mulan,"princess, daughter, china, homeland, villain, musical, sexism, training, cricket, based on true story, female protagonist, dragon, east asian lead, war hero, based on song, poem or rhyme, luck, great wall of china, gender disguise, based on fairy tale, female warrior, hand drawn animation, father daughter relationship, action comedy, woman disguised as man"
296096,Me Before You,"depression, small town, based on novel or book, england, artist, wheelchair, romance, love, caretaker, caregiver, disabled, valentine's day, twenty something, woman director, accident"
809,Shrek 2,"prison, princess, magic, kingdom, fairy tale, liberation, transformation, honeymoon, prince, parents-in-law, enchantment, sequel, anthropomorphism, dragon, ogre, cartoon donkey"
912916,The Other Zoey,"snowboarding, mistaken identity, romantic comedy, romance, duringcreditsstinger, teen, comedy"
81188,Rise of the Guardians,"new york city, friendship, amnesia, santa claus, cartoon, boogeyman, jack frost, duringcreditsstinger, christmas"
348350,Solo: A Star Wars Story,"spacecraft, smuggling (contraband), prequel, spin off, space opera"
1075519,The Locksmith,
588228,The Tomorrow War,"world cup, time travel, global warming, glacier, alien invasion, military, future war, father son reunion, hope for future, changing the past or future, message from the future, father son relationship, father daughter relationship, world war, aliens"
425,Ice Age,"dying and death, human evolution, parent child relationship, squirrel, loss of loved one, mammoth, sloth, stone age, prehistory, prehistoric creature, saber-toothed tiger, cavemen, road movie, neanderthal, prehistoric man, ground sloth"
290098,The Handmaiden,"jealousy, based on novel or book, library, pickpocket, con man, swindler, lesbian relationship, mansion, lust, lgbt, noblewoman, con woman, 1930s, lady's maid, handmade, seducer, japanese occupation of korea, lesbian, girls love"
539681,DC League of Super-Pets,"superhero, based on comic, super power, aftercreditsstinger, duringcreditsstinger, evil mastermind, talking animal"
48650,Room in Rome,"hotel, hotel room, rome, italy, female friendship, one-night stand, lesbian sex, based on movie, lying, erotic movie, intimacy, gay theme, lesbian"
961268,Ballerina,"bodyguard, revenge, best friend, wish fulfillment, ballerina, swordswoman, girl biker, loss of a friend"
863,Toy Story 2,"friendship, airplane, museum, prosecution, identity crisis, flea market, collector, sequel, buddy, rescue team, garage sale, duringcreditsstinger, toy comes to life, personification, inanimate objects come to life"
527774,Raya and the Last Dragon,"kung fu, sword, warrior woman, female protagonist, dragon, vietnamese, south asian, warrior"
413393,Pure Imagination: The Story of 'Willy Wonka & the Chocolate Factory',short film
384018,Fast & Furious Presents: Hobbs & Shaw,"london, england, biological weapon, secret organization, family clan, spin off, family reunion, buddy comedy, samoa, aftercreditsstinger, duringcreditsstinger, buddy movie, mother son relationship, father daughter relationship, brother sister relationship"
168259,Furious 7,"car race, speed, street race, revenge, race, muscle car"
945729,A Haunting in Venice,"based on novel or book, venice, italy, loss of loved one, detective, medium, grief, whodunit, investigator, guilt, novelist, post world war ii, murder investigation, ghost, saeance, murder mystery, spiritism, halloween night, palazzo, retired detective"
313369,La La Land,"dancing, dance, jazz, musical, ambition, casting, coffee shop, jazz club, traffic jam, hollywood, los angeles, california, pianist, pier, audition, planetarium, aspiring actor, movie set, sunset, one woman show, pool party, griffith observatory"
285,Pirates of the Caribbean: At World's End,"east india company, exotic island, strong woman, love of one's life, afterlife, traitor, singapore, shipwreck, sword fight, pirate, monkey, swashbuckler, flying dutchman, rum, sailing ship, aftercreditsstinger, british navy, mass hanging"
14979,Thick as Thieves,"boardwalk, police investigation, woman director"
974931,Totally Killer,"halloween, time travel, carnival, serial killer, slasher, woman director, 1980s, horror comedy, mother daughter relationship, meta"
49013,Cars 2,"car race, sequel, anthropomorphism, best friend, duringcreditsstinger"
9479,The Nightmare Before Christmas,"skeleton, fire, magic, holiday, santa claus, halloween, musical, christmas tree, saving christmas, pumpkin, woods, stop motion, christmas"
10192,Shrek Forever After,"sequel, ogre"
335787,Uncharted,"lighter, treasure hunt, treasure map, based on video game, lost treasure, duringcreditsstinger, missing relative"
299534,Avengers: Endgame,"superhero, time travel, space travel, time machine, based on comic, sequel, alien invasion, superhero team, marvel cinematic universe (mcu), alternate timeline, father daughter relationship, sister sister relationship"
7485,Shooter,"sniper, philadelphia, pennsylvania, corruption, based on novel or book, fbi, senator, military service, rifle, president, cabin, sniper rifle, dog, sharpshooter, marksman, mountain cabin, military veteran, framed for murder, murder plot, army colonel, death of friend, u.s. marine corps, marine sniper"
1012042,Merry Swissmas,christmas
438148,Minions: The Rise of Gru,"1970s, sequel, spin off, duringcreditsstinger, minions, gentleminions"
916224,Suzume,"magic, door, natural disaster, calamity, travel, teenage girl, female protagonist, supernatural creature, enviromental, journey, anime"
1092329,Journey to Bethlehem,"arranged marriage, bethlehem, musical, family drama, christmas music, nativity, king herod, joseph of nazareth, christian film, christian faith, unwed pregnancy"
8587,The Lion King,"father murder, loss of loved one, africa, lion, manipulation, redemption, musical, uncle, murder, warthog, shaman, king, scar, family, hyena, meerkat, nature, hamlet, mandrill, murder confession, wildebeest"
1865,Pirates of the Caribbean: On Stranger Tides,"sea, ship, mutiny, captain, spain, england, sword, prime minister, sailing, mermaid, duke, silver, pirate, soldier, battle, swashbuckler, 18th century, aftercreditsstinger, blackbeard, 1750s"
339846,Baywatch,"drug dealer, sea, beach, yacht, life-saver, lifeguard, rookie, vigilantism"
260514,Cars 3,"trainer, sequel, anthropomorphism, travel, racing, high tech"
739405,Operation Fortune: Ruse de Guerre,"martial arts, london, england, showdown, madrid, spain, espionage, spy, secret agent, shootout, cannes, france"
916224,Suzume,"magic, door, natural disaster, calamity, travel, teenage girl, female protagonist, supernatural creature, enviromental, journey, anime"
1092329,Journey to Bethlehem,"arranged marriage, bethlehem, musical, family drama, christmas music, nativity, king herod, joseph of nazareth, christian film, christian faith, unwed pregnancy"
8587,The Lion King,"father murder, loss of loved one, africa, lion, manipulation, redemption, musical, uncle, murder, warthog, shaman, king, scar, family, hyena, meerkat, nature, hamlet, mandrill, murder confession, wildebeest"
1865,Pirates of the Caribbean: On Stranger Tides,"sea, ship, mutiny, captain, spain, england, sword, prime minister, sailing, mermaid, duke, silver, pirate, soldier, battle, swashbuckler, 18th century, aftercreditsstinger, blackbeard, 1750s"
339846,Baywatch,"drug dealer, sea, beach, yacht, life-saver, lifeguard, rookie, vigilantism"
260514,Cars 3,"trainer, sequel, anthropomorphism, travel, racing, high tech"
739405,Operation Fortune: Ruse de Guerre,"martial arts, london, england, showdown, madrid, spain, espionage, spy, secret agent, shootout, cannes, france"
10193,Toy Story 3,"escape, hostage, college, sequel, buddy, daycare, teddy bear, duringcreditsstinger, toy comes to life, personification, inanimate objects come to life"
129,Spirited Away,"witch, parent child relationship, darkness, bath house, magic, spirit, parallel world, amusement park, youkai, japanese mythology, anime"
840326,Sisu,"world war ii, lapland, nordic mythology, soldier, finnish mythology, bloody, violence"
852436,Let Her Kill You,
956920,There's Something in the Barn,"elves, holiday, dark comedy, family relationships, farm house, christmas, horror comedy, norwegian folklore, old barn, northern norway"
155,The Dark Knight,"joker, sadism, chaos, secret identity, crime fighter, superhero, anti hero, scarecrow, based on comic, vigilante, organized crime, tragic hero, anti villain, criminal mastermind, district attorney, super power, super villain, neo-noir"
457332,Hidden Strike,"middle east, special forces, buddy film, buddy movie, green zone, highway of death"
652810,The Mongolian Connection,
338953,Fantastic Beasts: The Secrets of Dumbledore,"prison, witch, berlin, germany, magic, election campaign, curse, bhutan, fantasy world, wizard, magical creature, 1930s, good versus evil"
1064835,The Seven Deadly Sins: Grudge of Edinburgh Part 2,"based on manga, anime"
454626,Sonic the Hedgehog,"friendship, video game, san francisco, california, road trip, cop, based on video game, duringcreditsstinger, bar fight, hedgehog, live action and animation, live action remake, flossing"
131634,The Hunger Games: Mockingjay - Part 2,"strong woman, based on novel or book, revolution, dystopia, death match, based on young adult novel"
975533,The Archies,"musical, based on comic, india, 1960s, teenager"
637649,Wrath of Man,"robbery, crime boss, revenge, shootout, shooter, los angeles, california, theft, security guard, ex soldier, cash truck"
228150,Fury,"hero, nazi, ambush, bravery, world war ii, heroism, tank, europe, execution, battle, brutality, hatred, 1940s, beating the odds"
915935,Anatomy of a Fall,"husband wife relationship, winter, bisexuality, autopsy, blind, courtroom, lgbt, death of husband, woman director, courtroom drama, mother son relationship, bisexual woman, grenoble"
210577,Gone Girl,"infidelity, based on novel or book, wife, marriage crisis, investigation, disappearance, psychological thriller, whodunit, missing person, search party, criminal lawyer, murder suspect, missing wife, perspective, manipulative woman, killed during sex"
664767,Mortal Kombat Legends: Scorpion's Revenge,"magic, ninja fighter, revenge, sorcerer, tournament, shaolin monk, fighting, based on video game, adult animation, god of thunder"
942881,Lonely Castle in the Mirror,"based on novel or book, survival, seinen, anime"
419548,Krampus: The Devil Returns,
284053,Thor: Ragnarok,"superhero, based on comic, sequel, alien planet, female villain, norse mythology, aftercreditsstinger, duringcreditsstinger, marvel cinematic universe (mcu), norse god, loki"
536554,M3GAN,"artificial intelligence (a.i.), aunt niece relationship, evil doll, orphan, car accident, niece, robot, juvenile delinquent, doll, information leak, dead dog, nosy neighbor, hit by a car, dead parents, attacked by a dog, creepy doll, possessed doll"
663712,Terrifier 2,"halloween, clown, gore, resurrection, sequel, slasher, killer, killer clown, duringcreditsstinger, evil clown, halloween night, graphic violence, megaslasher"
274479,Joy,"factory, strong woman, inventor, biography, based on true story, new york state, entrepreneur, mop, 1990s, stolen patent"
335983,Venom,"spacecraft, san francisco, california, superhero, anti hero, alien life-form, based on comic, aftercreditsstinger, duringcreditsstinger, business tycoon, symbiote, genetic experiment"
370172,No Time to Die,"based on novel or book, forgiveness, poison, spy, mi6, family, british secret service, parents, global threat, nanobots"
887870,Blue Giant,"jazz, musician, saxophone, based on manga, anime"
1024773,It Lives Inside,"supernatural, based on myths, legends or folklore, supernatural horror, indian american, horror"
736526,Troll,"mountain, mythical creature, creature, oslo, norway, monster movie, norwegian folklore"
734253,Adipurush,"ramayana, based on myths, legends or folklore, cgi-live action hybrid"
709716,The Lake,"monster, giant monster, lake monster, rampaging monster"
829560,The Next 365 Days,"gangster, bdsm, rich man poor woman"
1074080,Campeonex,"sequel, human relationship, esports, sport"
